,Retail_LGD_pc,Unemployment_Rate,10Y_Treasury_Yield,3M_Treasury_Rate,Real_Disposable_Income,Real_GDP_Growth,HPI_YoY,CPI_Inflation_QoQ,LGD_Lag1,LGD_Lag2,LGD_Lag3,LGD_Lag4,Unemployment_Rate_Lag1,Unemployment_Rate_Lag2,Unemployment_Rate_Lag3,Unemployment_Rate_Lag4,10Y_Treasury_Yield_Lag1,10Y_Treasury_Yield_Lag2,10Y_Treasury_Yield_Lag3,10Y_Treasury_Yield_Lag4,3M_Treasury_Rate_Lag1,3M_Treasury_Rate_Lag2,3M_Treasury_Rate_Lag3,3M_Treasury_Rate_Lag4,Real_Disposable_Income_Lag1,Real_Disposable_Income_Lag2,Real_Disposable_Income_Lag3,Real_Disposable_Income_Lag4,Real_GDP_Growth_Lag1,Real_GDP_Growth_Lag2,Real_GDP_Growth_Lag3,Real_GDP_Growth_Lag4,HPI_YoY_Lag1,HPI_YoY_Lag2,HPI_YoY_Lag3,HPI_YoY_Lag4
2001Q2,0.04266,4.4,5.276190476190476,3.66,10221.966666666667,0.0249801172097532,0.0823665930561852,0.028046238393026002,0.04203,0.04032,0.0405,0.04041,4.233333333333333,3.9,4.0,3.9333333333333336,5.0441935483870965,5.570645161290322,5.88984126984127,6.184920634920634,4.816666666666666,6.016666666666667,6.016666666666667,5.713333333333334,10229.833333333334,10149.0,10081.5,9950.166666666666,-0.0131119523056066,0.0238815517112662,0.0040773034542436,0.0728515125254105,0.0901048547032319,0.0917236928785578,0.0882207631579845,0.0871283599614207
2001Q3,0.04275,4.833333333333333,4.995737704918033,3.17,10455.533333333333,-0.0160255678127629,0.0792152368786065,0.011290929619872436,0.04266,0.04203,0.04032,0.0405,4.4,4.233333333333333,3.9,4.0,5.276190476190476,5.0441935483870965,5.570645161290322,5.88984126984127,3.66,4.816666666666666,6.016666666666667,6.016666666666667,10221.966666666667,10229.833333333334,10149.0,10081.5,0.0249801172097532,-0.0131119523056066,0.0238815517112662,0.0040773034542436,0.0823665930561852,0.0901048547032319,0.0917236928785578,0.0882207631579845
2001Q4,0.04077,5.5,4.762096774193548,1.906666666666667,10282.1,0.010991017914363,0.0700708713294377,-0.0030024394820791223,0.04275,0.04266,0.04203,0.04032,4.833333333333333,4.4,4.233333333333333,3.9,4.995737704918033,5.276190476190476,5.0441935483870965,5.570645161290322,3.17,3.66,4.816666666666666,6.016666666666667,10455.533333333333,10221.966666666667,10229.833333333334,10149.0,-0.0160255678127629,0.0249801172097532,-0.0131119523056066,0.0238815517112662,0.0792152368786065,0.0823665930561852,0.0901048547032319,0.0917236928785578
2002Q1,0.043289999999999995,5.7,5.079166666666667,1.72,10528.433333333334,0.0334543462572964,0.0669153110687255,0.012769953051643412,0.04077,0.04275,0.04266,0.04203,5.5,4.833333333333333,4.4,4.233333333333333,4.762096774193548,4.995737704918033,5.276190476190476,5.0441935483870965,1.906666666666667,3.17,3.66,4.816666666666666,10282.1,10455.533333333333,10221.966666666667,10229.833333333334,0.010991017914363,-0.0160255678127629,0.0249801172097532,-0.0131119523056066,0.0700708713294377,0.0792152368786065,0.0823665930561852,0.0901048547032319
2002Q2,0.04211999999999991,5.833333333333333,5.10609375,1.7133333333333332,10612.966666666667,0.0245082633602322,0.0760600021976649,0.03144889554473895,0.043289999999999995,0.04077,0.04275,0.04266,5.7,5.5,4.833333333333333,4.4,5.079166666666667,4.762096774193548,4.995737704918033,5.276190476190476,1.72,1.906666666666667,3.17,3.66,10528.433333333334,10282.1,10455.533333333333,10221.966666666667,0.0334543462572964,0.010991017914363,-0.0160255678127629,0.0249801172097532,0.0669153110687255,0.0700708713294377,0.0792152368786065,0.0823665930561852
2002Q3,0.04266,5.733333333333333,4.27234375,1.643333333333333,10625.866666666669,0.0162604572014037,0.0848054589289288,0.02154531946508076,0.04211999999999991,0.043289999999999995,0.04077,0.04275,5.833333333333333,5.7,5.5,4.833333333333333,5.10609375,5.079166666666667,4.762096774193548,4.995737704918033,1.7133333333333332,1.72,1.906666666666667,3.17,10612.966666666667,10528.433333333334,10282.1,10455.533333333333,0.0245082633602322,0.0334543462572964,0.010991017914363,-0.0160255678127629,0.0760600021976649,0.0669153110687255,0.0700708713294377,0.0792152368786065
2002Q4,0.042390000000000004,5.866666666666667,4.004838709677419,1.3333333333333333,10690.866666666669,0.0049442021020782,0.0931024760194951,0.023646776279328208,0.04266,0.04211999999999991,0.043289999999999995,0.04077,5.733333333333333,5.833333333333333,5.7,5.5,4.27234375,5.10609375,5.079166666666667,4.762096774193548,1.643333333333333,1.7133333333333332,1.72,1.906666666666667,10625.866666666669,10612.966666666667,10528.433333333334,10282.1,0.0162604572014037,0.0245082633602322,0.0334543462572964,0.010991017914363,0.0848054589289288,0.0760600021976649,0.0669153110687255,0.0700708713294377
2003Q1,0.04041,5.866666666666667,3.92,1.1566666666666665,10693.633333333331,0.0210656794322021,0.0967963243415583,0.041138659320477444,0.042390000000000004,0.04266,0.04211999999999991,0.043289999999999995,5.866666666666667,5.733333333333333,5.833333333333333,5.7,4.004838709677419,4.27234375,5.10609375,5.079166666666667,1.3333333333333333,1.643333333333333,1.7133333333333332,1.72,10690.866666666669,10625.866666666669,10612.966666666667,10528.433333333334,0.0049442021020782,0.0162604572014037,0.0245082633602322,0.0334543462572964,0.0931024760194951,0.0848054589289288,0.0760600021976649,0.0669153110687255
2003Q2,0.03897,6.133333333333333,3.6206349206349207,1.04,10815.1,0.0354248669148598,0.0916838700418403,-0.006544264679148704,0.04041,0.042390000000000004,0.04266,0.04211999999999991,5.866666666666667,5.866666666666667,5.733333333333333,5.833333333333333,3.92,4.004838709677419,4.27234375,5.10609375,1.1566666666666665,1.3333333333333333,1.643333333333333,1.7133333333333332,10693.633333333331,10690.866666666669,10625.866666666669,10612.966666666667,0.0210656794322021,0.0049442021020782,0.0162604572014037,0.0245082633602322,0.0967963243415583,0.0931024760194951,0.0848054589289288,0.0760600021976649
2003Q3,0.03716999999999991,6.133333333333333,4.22765625,0.93,10999.533333333333,0.0665279982788424,0.0903309317115701,0.029861616897304266,0.03897,0.04041,0.042390000000000004,0.04266,6.133333333333333,5.866666666666667,5.866666666666667,5.733333333333333,3.6206349206349207,3.92,4.004838709677419,4.27234375,1.04,1.1566666666666665,1.3333333333333333,1.643333333333333,10815.1,10693.633333333331,10690.866666666669,10625.866666666669,0.0354248669148598,0.0210656794322021,0.0049442021020782,0.0162604572014037,0.0916838700418403,0.0967963243415583,0.0931024760194951,0.0848054589289288
2003Q4,0.038250000000000006,5.833333333333333,4.285161290322581,0.9166666666666666,11029.3,0.0464288559270524,0.095906131064869,0.015181637448039353,0.03716999999999991,0.03897,0.04041,0.042390000000000004,6.133333333333333,6.133333333333333,5.866666666666667,5.866666666666667,4.22765625,3.6206349206349207,3.92,4.004838709677419,0.93,1.04,1.1566666666666665,1.3333333333333333,10999.533333333333,10815.1,10693.633333333331,10690.866666666669,0.0665279982788424,0.0354248669148598,0.0210656794322021,0.0049442021020782,0.0903309317115701,0.0916838700418403,0.0967963243415583,0.0931024760194951
2004Q1,0.03699,5.7,4.01,0.9166666666666666,11079.266666666668,0.0226660581582773,0.1077793956193693,0.033849477853799215,0.038250000000000006,0.03716999999999991,0.03897,0.04041,5.833333333333333,6.133333333333333,6.133333333333333,5.866666666666667,4.285161290322581,4.22765625,3.6206349206349207,3.92,0.9166666666666666,0.93,1.04,1.1566666666666665,11029.3,10999.533333333333,10815.1,10693.633333333331,0.0464288559270524,0.0665279982788424,0.0354248669148598,0.0210656794322021,0.095906131064869,0.0903309317115701,0.0916838700418403,0.0967963243415583
2004Q2,0.03609,5.599999999999999,4.597096774193548,1.0766666666666669,11192.666666666666,0.0309980929496846,0.1250960682792652,0.03142296018568036,0.03699,0.038250000000000006,0.03716999999999991,0.03897,5.7,5.833333333333333,6.133333333333333,6.133333333333333,4.01,4.285161290322581,4.22765625,3.6206349206349207,0.9166666666666666,0.9166666666666666,0.93,1.04,11079.266666666668,11029.3,10999.533333333333,10815.1,0.0226660581582773,0.0464288559270524,0.0665279982788424,0.0354248669148598,0.1077793956193693,0.095906131064869,0.0903309317115701,0.0916838700418403
2004Q3,0.03555,5.433333333333334,4.30140625,1.4866666666666666,11264.9,0.0379437555517236,0.131398856974662,0.025509300265722956,0.03609,0.03699,0.038250000000000006,0.03716999999999991,5.599999999999999,5.7,5.833333333333333,6.133333333333333,4.597096774193548,4.01,4.285161290322581,4.22765625,1.0766666666666669,0.9166666666666666,0.9166666666666666,0.93,11192.666666666666,11079.266666666668,11029.3,10999.533333333333,0.0309980929496846,0.0226660581582773,0.0464288559270524,0.0665279982788424,0.1250960682792652,0.1077793956193693,0.095906131064869,0.0903309317115701
2004Q4,0.035190000000000006,5.433333333333334,4.175806451612903,2.0066666666666664,11395.866666666669,0.0408083251448383,0.1347112678085944,0.042950184826614723,0.03555,0.03609,0.03699,0.038250000000000006,5.433333333333334,5.599999999999999,5.7,5.833333333333333,4.30140625,4.597096774193548,4.01,4.285161290322581,1.4866666666666666,1.0766666666666669,0.9166666666666666,0.9166666666666666,11264.9,11192.666666666666,11079.266666666668,11029.3,0.0379437555517236,0.0309980929496846,0.0226660581582773,0.0464288559270524,0.131398856974662,0.1250960682792652,0.1077793956193693,0.095906131064869
2005Q1,0.033029999999999914,5.3,4.303606557377049,2.536666666666666,11241.433333333334,0.0443745341678329,0.1401550561955706,0.020202020202019888,0.035190000000000006,0.03555,0.03609,0.03699,5.433333333333334,5.433333333333334,5.599999999999999,5.7,4.175806451612903,4.30140625,4.597096774193548,4.01,2.0066666666666664,1.4866666666666666,1.0766666666666669,0.9166666666666666,11395.866666666669,11264.9,11192.666666666666,11079.266666666668,0.0408083251448383,0.0379437555517236,0.0309980929496846,0.0226660581582773,0.1347112678085944,0.131398856974662,0.1250960682792652,0.1077793956193693
2005Q2,0.032940000000000004,5.1000000000000005,4.15859375,2.8633333333333333,11344.133333333331,0.0197049781924292,0.1427531379624929,0.027031710275514875,0.033029999999999914,0.035190000000000006,0.03555,0.03609,5.3,5.433333333333334,5.433333333333334,5.599999999999999,4.303606557377049,4.175806451612903,4.30140625,4.597096774193548,2.536666666666666,2.0066666666666664,1.4866666666666666,1.0766666666666669,11241.433333333334,11395.866666666669,11264.9,11192.666666666666,0.0443745341678329,0.0408083251448383,0.0379437555517236,0.0309980929496846,0.1401550561955706,0.1347112678085944,0.131398856974662,0.1250960682792652
2005Q3,0.03492,4.966666666666667,4.21515625,3.36,11385.866666666669,0.0313525613802916,0.1439036552053072,0.06058519793459638,0.032940000000000004,0.033029999999999914,0.035190000000000006,0.03555,5.1000000000000005,5.3,5.433333333333334,5.433333333333334,4.15859375,4.303606557377049,4.175806451612903,4.30140625,2.8633333333333333,2.536666666666666,2.0066666666666664,1.4866666666666666,11344.133333333331,11241.433333333334,11395.866666666669,11264.9,0.0197049781924292,0.0443745341678329,0.0408083251448383,0.0379437555517236,0.1427531379624929,0.1401550561955706,0.1347112678085944,0.131398856974662
2005Q4,0.03212999999999991,4.966666666666667,4.488196721311475,3.826666666666666,11488.0,0.0222206615860693,0.1398567503841579,0.03730077992539815,0.03492,0.032940000000000004,0.033029999999999914,0.035190000000000006,4.966666666666667,5.1000000000000005,5.3,5.433333333333334,4.21515625,4.15859375,4.303606557377049,4.175806451612903,3.36,2.8633333333333333,2.536666666666666,2.0066666666666664,11385.866666666669,11344.133333333331,11241.433333333334,11395.866666666669,0.0313525613802916,0.0197049781924292,0.0443745341678329,0.0408083251448383,0.1439036552053072,0.1427531379624929,0.1401550561955706,0.1347112678085944
2006Q1,0.035190000000000006,4.733333333333333,4.577096774193548,4.3933333333333335,11700.7,0.0538153507394989,0.1200946092846149,0.020829833697296074,0.03212999999999991,0.03492,0.032940000000000004,0.033029999999999914,4.966666666666667,4.966666666666667,5.1000000000000005,5.3,4.488196721311475,4.21515625,4.15859375,4.303606557377049,3.826666666666666,3.36,2.8633333333333333,2.536666666666666,11488.0,11385.866666666669,11344.133333333331,11241.433333333334,0.0222206615860693,0.0313525613802916,0.0197049781924292,0.0443745341678329,0.1398567503841579,0.1439036552053072,0.1427531379624929,0.1401550561955706
2006Q2,0.03789,4.633333333333333,5.072698412698412,4.703333333333333,11744.366666666669,0.0103501105398216,0.0865397472097908,0.03609625668449201,0.035190000000000006,0.03212999999999991,0.03492,0.032940000000000004,4.733333333333333,4.966666666666667,4.966666666666667,5.1000000000000005,4.577096774193548,4.488196721311475,4.21515625,4.15859375,4.3933333333333335,3.826666666666666,3.36,2.8633333333333333,11700.7,11488.0,11385.866666666669,11344.133333333331,0.0538153507394989,0.0222206615860693,0.0313525613802916,0.0197049781924292,0.1200946092846149,0.1398567503841579,0.1439036552053072,0.1427531379624929
2006Q3,0.03771,4.633333333333334,4.893492063492064,4.906666666666666,11761.333333333334,0.0059982370252624,0.0484651379641687,0.037760847962901245,0.03789,0.035190000000000006,0.03212999999999991,0.03492,4.633333333333333,4.733333333333333,4.966666666666667,4.966666666666667,5.072698412698412,4.577096774193548,4.488196721311475,4.21515625,4.703333333333333,4.3933333333333335,3.826666666666666,3.36,11744.366666666669,11700.7,11488.0,11385.866666666669,0.0103501105398216,0.0538153507394989,0.0222206615860693,0.0313525613802916,0.0865397472097908,0.1200946092846149,0.1398567503841579,0.1439036552053072
2006Q4,0.03591,4.433333333333334,4.630645161290323,4.903333333333333,11904.733333333332,0.0343779920244751,0.0229769803115464,-0.01640689089417524,0.03771,0.03789,0.035190000000000006,0.03212999999999991,4.633333333333334,4.633333333333333,4.733333333333333,4.966666666666667,4.893492063492064,5.072698412698412,4.577096774193548,4.488196721311475,4.906666666666666,4.703333333333333,4.3933333333333335,3.826666666666666,11761.333333333334,11744.366666666669,11700.7,11488.0,0.0059982370252624,0.0103501105398216,0.0538153507394989,0.0222206615860693,0.0484651379641687,0.0865397472097908,0.1200946092846149,0.1398567503841579
2007Q1,0.03609,4.5,4.679032258064517,4.983333333333333,11995.9,0.0120334266682258,0.0042232720267849,0.039215815485997396,0.03591,0.03771,0.03789,0.035190000000000006,4.433333333333334,4.633333333333334,4.633333333333333,4.733333333333333,4.630645161290323,4.893492063492064,5.072698412698412,4.577096774193548,4.903333333333333,4.906666666666666,4.703333333333333,4.3933333333333335,11904.733333333332,11761.333333333334,11744.366666666669,11700.7,0.0343779920244751,0.0059982370252624,0.0103501105398216,0.0538153507394989,0.0229769803115464,0.0484651379641687,0.0865397472097908,0.1200946092846149
2007Q2,0.036539999999999996,4.5,4.84609375,4.736666666666667,12055.333333333334,0.0244704783197855,-0.0127113966429899,0.045302153026914205,0.03609,0.03591,0.03771,0.03789,4.5,4.433333333333334,4.633333333333334,4.633333333333333,4.679032258064517,4.630645161290323,4.893492063492064,5.072698412698412,4.983333333333333,4.903333333333333,4.906666666666666,4.703333333333333,11995.9,11904.733333333332,11761.333333333334,11744.366666666669,0.0120334266682258,0.0343779920244751,0.0059982370252624,0.0103501105398216,0.0042232720267849,0.0229769803115464,0.0484651379641687,0.0865397472097908
2007Q3,0.03987,4.666666666666667,4.738412698412698,4.303333333333334,12075.633333333331,0.0230410318384493,-0.0232461872456882,0.02532049886028709,0.036539999999999996,0.03609,0.03591,0.03771,4.5,4.5,4.433333333333334,4.633333333333334,4.84609375,4.679032258064517,4.630645161290323,4.893492063492064,4.736666666666667,4.983333333333333,4.903333333333333,4.906666666666666,12055.333333333334,11995.9,11904.733333333332,11761.333333333334,0.0244704783197855,0.0120334266682258,0.0343779920244751,0.0059982370252624,-0.0127113966429899,0.0042232720267849,0.0229769803115464,0.0484651379641687
2007Q4,0.0414,4.8,4.266612903225807,3.39,12090.333333333334,0.025129469272505,-0.0451722867312985,0.04906567150302177,0.03987,0.036539999999999996,0.03609,0.03591,4.666666666666667,4.5,4.5,4.433333333333334,4.738412698412698,4.84609375,4.679032258064517,4.630645161290323,4.303333333333334,4.736666666666667,4.983333333333333,4.903333333333333,12075.633333333331,12055.333333333334,11995.9,11904.733333333332,0.0230410318384493,0.0244704783197855,0.0120334266682258,0.0343779920244751,-0.0232461872456882,-0.0127113966429899,0.0042232720267849,0.0229769803115464
2008Q1,0.04275,5.0,3.6652459016393446,2.043333333333333,12141.6,-0.017070572835979,-0.0716361849328707,0.04332754260304128,0.0414,0.03987,0.036539999999999996,0.03609,4.8,4.666666666666667,4.5,4.5,4.266612903225807,4.738412698412698,4.84609375,4.679032258064517,3.39,4.303333333333334,4.736666666666667,4.983333333333333,12090.333333333334,12075.633333333331,12055.333333333334,11995.9,0.025129469272505,0.0230410318384493,0.0244704783197855,0.0120334266682258,-0.0451722867312985,-0.0232461872456882,-0.0127113966429899,0.0042232720267849
2008Q2,0.04401,5.333333333333333,3.8815625,1.6266666666666667,12391.2,0.0238171304725174,-0.0819116819509082,0.05203749281304226,0.04275,0.0414,0.03987,0.036539999999999996,5.0,4.8,4.666666666666667,4.5,3.6652459016393446,4.266612903225807,4.738412698412698,4.84609375,2.043333333333333,3.39,4.303333333333334,4.736666666666667,12141.6,12090.333333333334,12075.633333333331,12055.333333333334,-0.017070572835979,0.025129469272505,0.0230410318384493,0.0244704783197855,-0.0716361849328707,-0.0451722867312985,-0.0232461872456882,-0.0127113966429899
2008Q3,0.04311,6.0,3.8621875,1.4933333333333332,12152.766666666668,-0.0210103220206754,-0.089664272534973,0.061675221500339994,0.04401,0.04275,0.0414,0.03987,5.333333333333333,5.0,4.8,4.666666666666667,3.8815625,3.6652459016393446,4.266612903225807,4.738412698412698,1.6266666666666667,2.043333333333333,3.39,4.303333333333334,12391.2,12141.6,12090.333333333334,12075.633333333331,0.0238171304725174,-0.017070572835979,0.025129469272505,0.0230410318384493,-0.0819116819509082,-0.0716361849328707,-0.0451722867312985,-0.0232461872456882
2008Q4,0.05066999999999991,6.866666666666667,3.234677419354839,0.2966666666666667,12291.733333333332,-0.0875610638119246,-0.1107376617550051,-0.09160761091895431,0.04311,0.04401,0.04275,0.0414,6.0,5.333333333333333,5.0,4.8,3.8621875,3.8815625,3.6652459016393446,4.266612903225807,1.4933333333333332,1.6266666666666667,2.043333333333333,3.39,12152.766666666668,12391.2,12141.6,12090.333333333334,-0.0210103220206754,0.0238171304725174,-0.017070572835979,0.025129469272505,-0.089664272534973,-0.0819116819509082,-0.0716361849328707,-0.0451722867312985
2009Q1,0.05949000000000001,8.266666666666667,2.7362295081967214,0.2133333333333333,12282.033333333333,-0.045394971899292,-0.1272716538919444,-0.027514784598454245,0.05066999999999991,0.04311,0.04401,0.04275,6.866666666666667,6.0,5.333333333333333,5.0,3.234677419354839,3.8621875,3.8815625,3.6652459016393446,0.2966666666666667,1.4933333333333332,1.6266666666666667,2.043333333333333,12291.733333333332,12152.766666666668,12391.2,12141.6,-0.0875610638119246,-0.0210103220206754,0.0238171304725174,-0.017070572835979,-0.1107376617550051,-0.089664272534973,-0.0819116819509082,-0.0716361849328707
2009Q2,0.061829999999999996,9.3,3.320793650793651,0.1733333333333333,12364.433333333334,-0.0071460380254042,-0.1117269358548428,0.021270284226370784,0.05949000000000001,0.05066999999999991,0.04311,0.04401,8.266666666666667,6.866666666666667,6.0,5.333333333333333,2.7362295081967214,3.234677419354839,3.8621875,3.8815625,0.2133333333333333,0.2966666666666667,1.4933333333333332,1.6266666666666667,12282.033333333333,12291.733333333332,12152.766666666668,12391.2,-0.045394971899292,-0.0875610638119246,-0.0210103220206754,0.0238171304725174,-0.1272716538919444,-0.1107376617550051,-0.089664272534973,-0.0819116819509082
2009Q3,0.05967,9.633333333333333,3.5178125,0.1566666666666666,12214.7,0.0140476958070019,-0.0830637996824551,0.034415733441994334,0.061829999999999996,0.05949000000000001,0.05066999999999991,0.04311,9.3,8.266666666666667,6.866666666666667,6.0,3.320793650793651,2.7362295081967214,3.234677419354839,3.8621875,0.1733333333333333,0.2133333333333333,0.2966666666666667,1.4933333333333332,12364.433333333334,12282.033333333333,12291.733333333332,12152.766666666668,-0.0071460380254042,-0.045394971899292,-0.0875610638119246,-0.0210103220206754,-0.1117269358548428,-0.1272716538919444,-0.1107376617550051,-0.089664272534973
2009Q4,0.057330000000000006,9.933333333333334,3.4640322580645164,0.0566666666666666,12232.6,0.0432365460327428,-0.0525721712956629,0.03131733412586346,0.05967,0.061829999999999996,0.05949000000000001,0.05066999999999991,9.633333333333333,9.3,8.266666666666667,6.866666666666667,3.5178125,3.320793650793651,2.7362295081967214,3.234677419354839,0.1566666666666666,0.1733333333333333,0.2133333333333333,0.2966666666666667,12214.7,12364.433333333334,12282.033333333333,12291.733333333332,0.0140476958070019,-0.0071460380254042,-0.045394971899292,-0.0875610638119246,-0.0830637996824551,-0.1117269358548428,-0.1272716538919444,-0.1107376617550051
2010Q1,0.052110000000000004,9.833333333333334,3.717868852459016,0.1066666666666666,12306.033333333333,0.019380038022744,-0.0266860583102213,0.006340137308206373,0.057330000000000006,0.05967,0.061829999999999996,0.05949000000000001,9.933333333333334,9.633333333333333,9.3,8.266666666666667,3.4640322580645164,3.5178125,3.320793650793651,2.7362295081967214,0.0566666666666666,0.1566666666666666,0.1733333333333333,0.2133333333333333,12232.6,12214.7,12364.433333333334,12282.033333333333,0.0432365460327428,0.0140476958070019,-0.0071460380254042,-0.045394971899292,-0.0525721712956629,-0.0830637996824551,-0.1117269358548428,-0.1272716538919444
2010Q2,0.045810000000000003,9.633333333333333,3.4925,0.1466666666666666,12510.566666666666,0.038703444732496,-0.0107393954650891,-0.0014107789646726765,0.052110000000000004,0.057330000000000006,0.05967,0.061829999999999996,9.833333333333334,9.933333333333334,9.633333333333333,9.3,3.717868852459016,3.4640322580645164,3.5178125,3.320793650793651,0.1066666666666666,0.0566666666666666,0.1566666666666666,0.1733333333333333,12306.033333333333,12232.6,12214.7,12364.433333333334,0.019380038022744,0.0432365460327428,0.0140476958070019,-0.0071460380254042,-0.0266860583102213,-0.0525721712956629,-0.0830637996824551,-0.1117269358548428
2010Q3,0.04122,9.466666666666669,2.78453125,0.1566666666666666,12578.5,0.0308433974418926,-0.0276028733593471,0.011725868702177955,0.045810000000000003,0.052110000000000004,0.057330000000000006,0.05967,9.633333333333333,9.833333333333334,9.933333333333334,9.633333333333333,3.4925,3.717868852459016,3.4640322580645164,3.5178125,0.1466666666666666,0.1066666666666666,0.0566666666666666,0.1566666666666666,12510.566666666666,12306.033333333333,12232.6,12214.7,0.038703444732496,0.019380038022744,0.0432365460327428,0.0140476958070019,-0.0107393954650891,-0.0266860583102213,-0.0525721712956629,-0.0830637996824551
2010Q4,0.03726,9.5,2.8783870967741936,0.1366666666666667,12626.066666666666,0.0210044104330746,-0.0397780605798042,0.03238896120085144,0.04122,0.045810000000000003,0.052110000000000004,0.057330000000000006,9.466666666666669,9.633333333333333,9.833333333333334,9.933333333333334,2.78453125,3.4925,3.717868852459016,3.4640322580645164,0.1566666666666666,0.1466666666666666,0.1066666666666666,0.0566666666666666,12578.5,12510.566666666666,12306.033333333333,12232.6,0.0308433974418926,0.038703444732496,0.019380038022744,0.0432365460327428,-0.0276028733593471,-0.0107393954650891,-0.0266860583102213,-0.0525721712956629
2011Q1,0.03438,9.033333333333331,3.4574193548387098,0.1266666666666666,12753.133333333331,-0.0094881958843604,-0.0396728869120015,0.04268870894572441,0.03726,0.04122,0.045810000000000003,0.052110000000000004,9.5,9.466666666666669,9.633333333333333,9.833333333333334,2.8783870967741936,2.78453125,3.4925,3.717868852459016,0.1366666666666667,0.1566666666666666,0.1466666666666666,0.1066666666666666,12626.066666666666,12578.5,12510.566666666666,12306.033333333333,0.0210044104330746,0.0308433974418926,0.038703444732496,0.019380038022744,-0.0397780605798042,-0.0276028733593471,-0.0107393954650891,-0.0266860583102213
2011Q2,0.03285,9.066666666666666,3.2014285714285715,0.0466666666666666,12727.833333333334,0.0270632917257467,-0.0416789737484265,0.04548054361679643,0.03438,0.03726,0.04122,0.045810000000000003,9.033333333333331,9.5,9.466666666666669,9.633333333333333,3.4574193548387098,2.8783870967741936,2.78453125,3.4925,0.1266666666666666,0.1366666666666667,0.1566666666666666,0.1466666666666666,12753.133333333331,12626.066666666666,12578.5,12510.566666666666,-0.0094881958843604,0.0210044104330746,0.0308433974418926,0.038703444732496,-0.0396728869120015,-0.0397780605798042,-0.0276028733593471,-0.0107393954650891
2011Q3,0.031050000000000005,9.0,2.41421875,0.0233333333333333,12795.666666666666,-0.0008925094366856,-0.0326227228162977,0.02608263260625865,0.03285,0.03438,0.03726,0.04122,9.066666666666666,9.033333333333331,9.5,9.466666666666669,3.2014285714285715,3.4574193548387098,2.8783870967741936,2.78453125,0.0466666666666666,0.1266666666666666,0.1366666666666667,0.1566666666666666,12727.833333333334,12753.133333333331,12626.066666666666,12578.5,0.0270632917257467,-0.0094881958843604,0.0210044104330746,0.0308433974418926,-0.0416789737484265,-0.0396728869120015,-0.0397780605798042,-0.0276028733593471
2011Q4,0.02925,8.633333333333333,2.0467213114754097,0.0133333333333333,12824.366666666669,0.0449219622703198,-0.0360681933005134,0.017956106639453573,0.031050000000000005,0.03285,0.03438,0.03726,9.0,9.066666666666666,9.033333333333331,9.5,2.41421875,3.2014285714285715,3.4574193548387098,2.8783870967741936,0.0233333333333333,0.0466666666666666,0.1266666666666666,0.1366666666666667,12795.666666666666,12727.833333333334,12753.133333333331,12626.066666666666,-0.0008925094366856,0.0270632917257467,-0.0094881958843604,0.0210044104330746,-0.0326227228162977,-0.0416789737484265,-0.0396728869120015,-0.0397780605798042
2012Q1,0.02745,8.266666666666667,2.04,0.0666666666666666,13021.166666666666,0.0335436327988665,-0.0254094999155669,0.022526873985160734,0.02925,0.031050000000000005,0.03285,0.03438,8.633333333333333,9.0,9.066666666666666,9.033333333333331,2.0467213114754097,2.41421875,3.2014285714285715,3.4574193548387098,0.0133333333333333,0.0233333333333333,0.0466666666666666,0.1266666666666666,12824.366666666669,12795.666666666666,12727.833333333334,12753.133333333331,0.0449219622703198,-0.0008925094366856,0.0270632917257467,-0.0094881958843604,-0.0360681933005134,-0.0326227228162977,-0.0416789737484265,-0.0396728869120015
2012Q2,0.02609999999999991,8.2,1.82578125,0.0866666666666666,13108.733333333332,0.0178533898466124,0.002072160499974,0.008444066816744034,0.02745,0.02925,0.031050000000000005,0.03285,8.266666666666667,8.633333333333333,9.0,9.066666666666666,2.04,2.0467213114754097,2.41421875,3.2014285714285715,0.0666666666666666,0.0133333333333333,0.0233333333333333,0.0466666666666666,13021.166666666666,12824.366666666669,12795.666666666666,12727.833333333334,0.0335436327988665,0.0449219622703198,-0.0008925094366856,0.0270632917257467,-0.0254094999155669,-0.0360681933005134,-0.0326227228162977,-0.0416789737484265
2012Q3,0.02529,8.033333333333333,1.6412698412698414,0.1033333333333333,13004.833333333334,0.0057611198929174,0.0212877284447607,0.018058809132548426,0.02609999999999991,0.02745,0.02925,0.031050000000000005,8.2,8.266666666666667,8.633333333333333,9.0,1.82578125,2.04,2.0467213114754097,2.41421875,0.0866666666666666,0.0666666666666666,0.0133333333333333,0.0233333333333333,13108.733333333332,13021.166666666666,12824.366666666669,12795.666666666666,0.0178533898466124,0.0335436327988665,0.0449219622703198,-0.0008925094366856,0.002072160499974,-0.0254094999155669,-0.0360681933005134,-0.0326227228162977
2012Q4,0.024210000000000002,7.8,1.707049180327869,0.0866666666666666,13366.8,0.0046256221504146,0.0525540825828974,0.02659809752538944,0.02529,0.02609999999999991,0.02745,0.02925,8.033333333333333,8.2,8.266666666666667,8.633333333333333,1.6412698412698414,1.82578125,2.04,2.0467213114754097,0.1033333333333333,0.0866666666666666,0.0666666666666666,0.0133333333333333,13004.833333333334,13108.733333333332,13021.166666666666,12824.366666666669,0.0057611198929174,0.0178533898466124,0.0335436327988665,0.0449219622703198,0.0212877284447607,0.002072160499974,-0.0254094999155669,-0.0360681933005134
2013Q1,0.02358,7.733333333333333,1.951,0.0866666666666666,12837.166666666666,0.0394624265545537,0.0826936833689357,0.016078189561278933,0.024210000000000002,0.02529,0.02609999999999991,0.02745,7.8,8.033333333333333,8.2,8.266666666666667,1.707049180327869,1.6412698412698414,1.82578125,2.04,0.0866666666666666,0.1033333333333333,0.0866666666666666,0.0666666666666666,13366.8,13004.833333333334,13108.733333333332,13021.166666666666,0.0046256221504146,0.0057611198929174,0.0178533898466124,0.0335436327988665,0.0525540825828974,0.0212877284447607,0.002072160499974,-0.0254094999155669
2013Q2,0.022589999999999912,7.533333333333334,1.98625,0.0499999999999999,12934.433333333334,0.010705453392517,0.0912633441853423,-0.0043794070294360665,0.02358,0.024210000000000002,0.02529,0.02609999999999991,7.733333333333333,7.8,8.033333333333333,8.2,1.951,1.707049180327869,1.6412698412698414,1.82578125,0.0866666666666666,0.0866666666666666,0.1033333333333333,0.0866666666666666,12837.166666666666,13366.8,13004.833333333334,13108.733333333332,0.0394624265545537,0.0046256221504146,0.0057611198929174,0.0178533898466124,0.0826936833689357,0.0525540825828974,0.0212877284447607,0.002072160499974
2013Q3,0.02178,7.233333333333333,2.7065625,0.0333333333333333,12979.633333333331,0.0340557427633756,0.101561454280268,0.02163373483591613,0.022589999999999912,0.02358,0.024210000000000002,0.02529,7.533333333333334,7.733333333333333,7.8,8.033333333333333,1.98625,1.951,1.707049180327869,1.6412698412698414,0.0499999999999999,0.0866666666666666,0.0866666666666666,0.1033333333333333,12934.433333333334,12837.166666666666,13366.8,13004.833333333334,0.010705453392517,0.0394624265545537,0.0046256221504146,0.0057611198929174,0.0912633441853423,0.0826936833689357,0.0525540825828974,0.0212877284447607
2013Q4,0.021059999999999912,6.933333333333334,2.7441935483870967,0.0633333333333333,12997.533333333333,0.0348696701370903,0.1075240177504377,0.014790684383483743,0.02178,0.022589999999999912,0.02358,0.024210000000000002,7.233333333333333,7.533333333333334,7.733333333333333,7.8,2.7065625,1.98625,1.951,1.707049180327869,0.0333333333333333,0.0499999999999999,0.0866666666666666,0.0866666666666666,12979.633333333331,12934.433333333334,12837.166666666666,13366.8,0.0340557427633756,0.010705453392517,0.0394624265545537,0.0046256221504146,0.101561454280268,0.0912633441853423,0.0826936833689357,0.0525540825828974
2014Q1,0.02051999999999991,6.666666666666667,2.7654098360655737,0.0466666666666666,13149.133333333331,-0.0138038394113908,0.0983116333832492,0.024911457562263983,0.021059999999999912,0.02178,0.022589999999999912,0.02358,6.933333333333334,7.233333333333333,7.533333333333334,7.733333333333333,2.7441935483870967,2.7065625,1.98625,1.951,0.0633333333333333,0.0333333333333333,0.0499999999999999,0.0866666666666666,12997.533333333333,12979.633333333331,12934.433333333334,12837.166666666666,0.0348696701370903,0.0340557427633756,0.010705453392517,0.0394624265545537,0.1075240177504377,0.101561454280268,0.0912633441853423,0.0826936833689357
2014Q2,0.01998,6.2,2.620952380952381,0.0333333333333333,13314.5,0.0516736851685317,0.070656875434979,0.021243154614118964,0.02051999999999991,0.021059999999999912,0.02178,0.022589999999999912,6.666666666666667,6.933333333333334,7.233333333333333,7.533333333333334,2.7654098360655737,2.7441935483870967,2.7065625,1.98625,0.0466666666666666,0.0633333333333333,0.0333333333333333,0.0499999999999999,13149.133333333331,12997.533333333333,12979.633333333331,12934.433333333334,-0.0138038394113908,0.0348696701370903,0.0340557427633756,0.010705453392517,0.0983116333832492,0.1075240177504377,0.101561454280268,0.0912633441853423
2014Q3,0.019440000000000002,6.066666666666666,2.49953125,0.0266666666666666,13439.666666666666,0.0486156563726716,0.051254708561516,0.01023336058664448,0.01998,0.02051999999999991,0.021059999999999912,0.02178,6.2,6.666666666666667,6.933333333333334,7.233333333333333,2.620952380952381,2.7654098360655737,2.7441935483870967,2.7065625,0.0333333333333333,0.0466666666666666,0.0633333333333333,0.0333333333333333,13314.5,13149.133333333331,12997.533333333333,12979.633333333331,0.0516736851685317,-0.0138038394113908,0.0348696701370903,0.0340557427633756,0.070656875434979,0.0983116333832492,0.1075240177504377,0.101561454280268
2014Q4,0.0189,5.7,2.275967741935484,0.0233333333333333,13631.4,0.0202293254484819,0.0455803040220499,-0.009937748706899008,0.019440000000000002,0.01998,0.02051999999999991,0.021059999999999912,6.066666666666666,6.2,6.666666666666667,6.933333333333334,2.49953125,2.620952380952381,2.7654098360655737,2.7441935483870967,0.0266666666666666,0.0333333333333333,0.0466666666666666,0.0633333333333333,13439.666666666666,13314.5,13149.133333333331,12997.533333333333,0.0486156563726716,0.0516736851685317,-0.0138038394113908,0.0348696701370903,0.051254708561516,0.070656875434979,0.0983116333832492,0.1075240177504377
2015Q1,0.01854,5.533333333333334,1.9688524590163932,0.0266666666666666,13819.0,0.0360193991026287,0.0426721509053782,-0.025891242709292772,0.0189,0.019440000000000002,0.01998,0.02051999999999991,5.7,6.066666666666666,6.2,6.666666666666667,2.275967741935484,2.49953125,2.620952380952381,2.7654098360655737,0.0233333333333333,0.0266666666666666,0.0333333333333333,0.0466666666666666,13631.4,13439.666666666666,13314.5,13149.133333333331,0.0202293254484819,0.0486156563726716,0.0516736851685317,-0.0138038394113908,0.0455803040220499,0.051254708561516,0.070656875434979,0.0983116333832492
2015Q2,0.01854,5.433333333333334,2.164375,0.02,13860.566666666666,0.0247762034703544,0.0433439040294199,0.027277941832551278,0.01854,0.0189,0.019440000000000002,0.01998,5.533333333333334,5.7,6.066666666666666,6.2,1.9688524590163932,2.275967741935484,2.49953125,2.620952380952381,0.0266666666666666,0.0233333333333333,0.0266666666666666,0.0333333333333333,13819.0,13631.4,13439.666666666666,13314.5,0.0360193991026287,0.0202293254484819,0.0486156563726716,0.0516736851685317,0.0426721509053782,0.0455803040220499,0.051254708561516,0.070656875434979
2015Q3,0.01872,5.1000000000000005,2.223125,0.04,13937.9,0.0160098024501129,0.0450928381962862,0.015108035111411233,0.01854,0.01854,0.0189,0.019440000000000002,5.433333333333334,5.533333333333334,5.7,6.066666666666666,2.164375,1.9688524590163932,2.275967741935484,2.49953125,0.02,0.0266666666666666,0.0233333333333333,0.0266666666666666,13860.566666666666,13819.0,13631.4,13439.666666666666,0.0247762034703544,0.0360193991026287,0.0202293254484819,0.0486156563726716,0.0433439040294199,0.0426721509053782,0.0455803040220499,0.051254708561516
2015Q4,0.01926,5.033333333333333,2.190483870967742,0.1233333333333333,14016.833333333334,0.0073791650585457,0.0504875146254388,-0.0003027054297786158,0.01872,0.01854,0.01854,0.0189,5.1000000000000005,5.433333333333334,5.533333333333334,5.7,2.223125,2.164375,1.9688524590163932,2.275967741935484,0.04,0.02,0.0266666666666666,0.0233333333333333,13937.9,13860.566666666666,13819.0,13631.4,0.0160098024501129,0.0247762034703544,0.0360193991026287,0.0202293254484819,0.0450928381962862,0.0433439040294199,0.0426721509053782,0.0455803040220499
2016Q1,0.01898999999999991,4.9,1.9142622950819672,0.2866666666666667,14130.6,0.0231807762418005,0.0517960419798484,-0.002483493597155828,0.01926,0.01872,0.01854,0.01854,5.033333333333333,5.1000000000000005,5.433333333333334,5.533333333333334,2.190483870967742,2.223125,2.164375,1.9688524590163932,0.1233333333333333,0.04,0.02,0.0266666666666666,14016.833333333334,13937.9,13860.566666666666,13819.0,0.0073791650585457,0.0160098024501129,0.0247762034703544,0.0360193991026287,0.0504875146254388,0.0450928381962862,0.0433439040294199,0.0426721509053782
2016Q2,0.01971,4.933333333333334,1.75015625,0.2566666666666666,14102.2,0.0128449627375246,0.0494582917654911,0.031991338834444605,0.01898999999999991,0.01926,0.01872,0.01854,4.9,5.033333333333333,5.1000000000000005,5.433333333333334,1.9142622950819672,2.190483870967742,2.223125,2.164375,0.2866666666666667,0.1233333333333333,0.04,0.02,14130.6,14016.833333333334,13937.9,13860.566666666666,0.0231807762418005,0.0073791650585457,0.0160098024501129,0.0247762034703544,0.0517960419798484,0.0504875146254388,0.0450928381962862,0.0433439040294199
2016Q3,0.02043,4.9,1.564375,0.2966666666666666,14181.966666666667,0.0283756102031453,0.0498728104131467,0.016978982179304047,0.01971,0.01898999999999991,0.01926,0.01872,4.933333333333334,4.9,5.033333333333333,5.1000000000000005,1.75015625,1.9142622950819672,2.190483870967742,2.223125,0.2566666666666666,0.2866666666666667,0.1233333333333333,0.04,14102.2,14130.6,14016.833333333334,13937.9,0.0128449627375246,0.0231807762418005,0.0073791650585457,0.0160098024501129,0.0494582917654911,0.0517960419798484,0.0504875146254388,0.0450928381962862
2016Q4,0.021059999999999912,4.766666666666667,2.138688524590164,0.43,14274.233333333332,0.0221719645099387,0.0520707197636072,0.025391301456592075,0.02043,0.01971,0.01898999999999991,0.01926,4.9,4.933333333333334,4.9,5.033333333333333,1.564375,1.75015625,1.9142622950819672,2.190483870967742,0.2966666666666666,0.2566666666666666,0.2866666666666667,0.1233333333333333,14181.966666666667,14102.2,14130.6,14016.833333333334,0.0283756102031453,0.0128449627375246,0.0231807762418005,0.0073791650585457,0.0498728104131467,0.0494582917654911,0.0517960419798484,0.0504875146254388
2017Q1,0.02124,4.566666666666666,2.4466129032258066,0.59,14422.266666666668,0.0194756084016702,0.0555791759355568,0.028149624726735212,0.021059999999999912,0.02043,0.01971,0.01898999999999991,4.766666666666667,4.9,4.933333333333334,4.9,2.138688524590164,1.564375,1.75015625,1.9142622950819672,0.43,0.2966666666666666,0.2566666666666666,0.2866666666666667,14274.233333333332,14181.966666666667,14102.2,14130.6,0.0221719645099387,0.0283756102031453,0.0128449627375246,0.0231807762418005,0.0520707197636072,0.0498728104131467,0.0494582917654911,0.0517960419798484
2017Q2,0.02214,4.366666666666667,2.260952380952381,0.89,14579.566666666666,0.0223949024924445,0.0565521986151387,0.004615073354513832,0.02124,0.021059999999999912,0.02043,0.01971,4.566666666666666,4.766666666666667,4.9,4.933333333333334,2.4466129032258066,2.138688524590164,1.564375,1.75015625,0.59,0.43,0.2966666666666666,0.2566666666666666,14422.266666666668,14274.233333333332,14181.966666666667,14102.2,0.0194756084016702,0.0221719645099387,0.0283756102031453,0.0128449627375246,0.0555791759355568,0.0520707197636072,0.0498728104131467,0.0494582917654911
2017Q3,0.02241,4.333333333333333,2.2414285714285715,1.0366666666666668,14681.5,0.031540965222188,0.0581708344836606,0.019121743404882707,0.02214,0.02124,0.021059999999999912,0.02043,4.366666666666667,4.566666666666666,4.766666666666667,4.9,2.260952380952381,2.4466129032258066,2.138688524590164,1.564375,0.89,0.59,0.43,0.2966666666666666,14579.566666666666,14422.266666666668,14274.233333333332,14181.966666666667,0.0223949024924445,0.0194756084016702,0.0221719645099387,0.0283756102031453,0.0565521986151387,0.0555791759355568,0.0520707197636072,0.0498728104131467
2017Q4,0.02187,4.166666666666667,2.371451612903226,1.2066666666666668,14772.533333333333,0.0450818650707711,0.0609905949759037,0.031821227106749284,0.02241,0.02214,0.02124,0.021059999999999912,4.333333333333333,4.366666666666667,4.566666666666666,4.766666666666667,2.2414285714285715,2.260952380952381,2.4466129032258066,2.138688524590164,1.0366666666666668,0.89,0.59,0.43,14681.5,14579.566666666666,14422.266666666668,14274.233333333332,0.031540965222188,0.0223949024924445,0.0194756084016702,0.0221719645099387,0.0581708344836606,0.0565521986151387,0.0555791759355568,0.0520707197636072
2018Q1,0.02195999999999991,4.033333333333333,2.7585245901639346,1.5599999999999998,14927.5,0.0325363920727292,0.063592587398001,0.03370566861934865,0.02187,0.02241,0.02214,0.02124,4.166666666666667,4.333333333333333,4.366666666666667,4.566666666666666,2.371451612903226,2.2414285714285715,2.260952380952381,2.4466129032258066,1.2066666666666668,1.0366666666666668,0.89,0.59,14772.533333333333,14681.5,14579.566666666666,14422.266666666668,0.0450818650707711,0.031540965222188,0.0223949024924445,0.0194756084016702,0.0609905949759037,0.0581708344836606,0.0565521986151387,0.0555791759355568
2018Q2,0.02205,3.9333333333333336,2.920625,1.84,15061.433333333334,0.0212330056405187,0.06253829107166,0.021776420019652853,0.02195999999999991,0.02187,0.02241,0.02214,4.033333333333333,4.166666666666667,4.333333333333333,4.366666666666667,2.7585245901639346,2.371451612903226,2.2414285714285715,2.260952380952381,1.5599999999999998,1.2066666666666668,1.0366666666666668,0.89,14927.5,14772.533333333333,14681.5,14579.566666666666,0.0325363920727292,0.0450818650707711,0.031540965222188,0.0223949024924445,0.063592587398001,0.0609905949759037,0.0581708344836606,0.0565521986151387
2018Q3,0.02205,3.766666666666667,2.923809523809524,2.04,15220.266666666668,0.0249478970124572,0.0565813300835056,0.01607367722598685,0.02205,0.02195999999999991,0.02187,0.02241,3.9333333333333336,4.033333333333333,4.166666666666667,4.333333333333333,2.920625,2.7585245901639346,2.371451612903226,2.2414285714285715,1.84,1.5599999999999998,1.2066666666666668,1.0366666666666668,15061.433333333334,14927.5,14772.533333333333,14681.5,0.0212330056405187,0.0325363920727292,0.0450818650707711,0.031540965222188,0.06253829107166,0.063592587398001,0.0609905949759037,0.0581708344836606
2018Q4,0.022500000000000003,3.8333333333333335,3.0411475409836064,2.316666666666667,15365.266666666668,0.0056657687646284,0.0491267809353568,0.01628482012664012,0.02205,0.02205,0.02195999999999991,0.02187,3.766666666666667,3.9333333333333336,4.033333333333333,4.166666666666667,2.923809523809524,2.920625,2.7585245901639346,2.371451612903226,2.04,1.84,1.5599999999999998,1.2066666666666668,15220.266666666668,15061.433333333334,14927.5,14772.533333333333,0.0249478970124572,0.0212330056405187,0.0325363920727292,0.0450818650707711,0.0565813300835056,0.06253829107166,0.063592587398001,0.0609905949759037
2019Q1,0.02232,3.8666666666666663,2.652950819672131,2.3866666666666667,15554.4,0.0249727232978642,0.0385511411665258,0.010678865054020825,0.022500000000000003,0.02205,0.02205,0.02195999999999991,3.8333333333333335,3.766666666666667,3.9333333333333336,4.033333333333333,3.0411475409836064,2.923809523809524,2.920625,2.7585245901639346,2.316666666666667,2.04,1.84,1.5599999999999998,15365.266666666668,15220.266666666668,15061.433333333334,14927.5,0.0056657687646284,0.0249478970124572,0.0212330056405187,0.0325363920727292,0.0491267809353568,0.0565813300835056,0.06253829107166,0.063592587398001
2019Q2,0.02232,3.633333333333333,2.338888888888889,2.3000000000000003,15542.9,0.0334058336283416,0.0337935681349039,0.029388665762467348,0.02232,0.022500000000000003,0.02205,0.02205,3.8666666666666663,3.8333333333333335,3.766666666666667,3.9333333333333336,2.652950819672131,3.0411475409836064,2.923809523809524,2.920625,2.3866666666666667,2.316666666666667,2.04,1.84,15554.4,15365.266666666668,15220.266666666668,15061.433333333334,0.0249727232978642,0.0056657687646284,0.0249478970124572,0.0212330056405187,0.0385511411665258,0.0491267809353568,0.0565813300835056,0.06253829107166
2019Q3,0.02286,3.6,1.79796875,1.98,15647.733333333332,0.0468000742636425,0.0312593918698287,0.013195044806214362,0.02232,0.02232,0.022500000000000003,0.02205,3.633333333333333,3.8666666666666663,3.8333333333333335,3.766666666666667,2.338888888888889,2.652950819672131,3.0411475409836064,2.923809523809524,2.3000000000000003,2.3866666666666667,2.316666666666667,2.04,15542.9,15554.4,15365.266666666668,15220.266666666668,0.0334058336283416,0.0249727232978642,0.0056657687646284,0.0249478970124572,0.0337935681349039,0.0385511411665258,0.0491267809353568,0.0565813300835056
2019Q4,0.02232,3.6,1.7919354838709676,1.5766666666666669,15722.933333333334,0.0272751147825669,0.0343564506138214,0.028094362904610648,0.02286,0.02232,0.02232,0.022500000000000003,3.6,3.633333333333333,3.8666666666666663,3.8333333333333335,1.79796875,2.338888888888889,2.652950819672131,3.0411475409836064,1.98,2.3000000000000003,2.3866666666666667,2.316666666666667,15647.733333333332,15542.9,15554.4,15365.266666666668,0.0468000742636425,0.0334058336283416,0.0249727232978642,0.0056657687646284,0.0312593918698287,0.0337935681349039,0.0385511411665258,0.0491267809353568
2020Q1,0.022949999999999998,3.8333333333333335,1.365,1.11,15815.133333333331,-0.0526528668818508,0.0429722791521449,0.014419696405674642,0.02232,0.02286,0.02232,0.02232,3.6,3.6,3.633333333333333,3.8666666666666663,1.7919354838709676,1.79796875,2.338888888888889,2.652950819672131,1.5766666666666669,1.98,2.3000000000000003,2.3866666666666667,15722.933333333334,15647.733333333332,15542.9,15554.4,0.0272751147825669,0.0468000742636425,0.0334058336283416,0.0249727232978642,0.0343564506138214,0.0312593918698287,0.0337935681349039,0.0385511411665258
2020Q2,0.02124,13.0,0.6876190476190476,0.1433333333333333,17391.833333333332,-0.3150713798284554,0.0444797154522071,-0.039033914480335774,0.022949999999999998,0.02232,0.02286,0.02232,3.8333333333333335,3.6,3.6,3.633333333333333,1.365,1.7919354838709676,1.79796875,2.338888888888889,1.11,1.5766666666666669,1.98,2.3000000000000003,15815.133333333331,15722.933333333334,15647.733333333332,15542.9,-0.0526528668818508,0.0272751147825669,0.0468000742636425,0.0334058336283416,0.0429722791521449,0.0343564506138214,0.0312593918698287,0.0337935681349039
2020Q3,0.01691999999999991,8.799999999999999,0.650625,0.1133333333333333,16792.86666666667,0.3104911669949342,0.0590830827298636,0.04572388785708004,0.02124,0.022949999999999998,0.02232,0.02286,13.0,3.8333333333333335,3.6,3.6,0.6876190476190476,1.365,1.7919354838709676,1.79796875,0.1433333333333333,1.11,1.5766666666666669,1.98,17391.833333333332,15815.133333333331,15722.933333333334,15647.733333333332,-0.3150713798284554,-0.0526528668818508,0.0272751147825669,0.0468000742636425,0.0444797154522071,0.0429722791521449,0.0343564506138214,0.0312593918698287
2020Q4,0.018179999999999998,6.766666666666667,0.864516129032258,0.0933333333333333,16451.033333333333,0.0453406044171957,0.0945453802421516,0.028855612635261707,0.01691999999999991,0.02124,0.022949999999999998,0.02232,8.799999999999999,13.0,3.8333333333333335,3.6,0.650625,0.6876190476190476,1.365,1.7919354838709676,0.1133333333333333,0.1433333333333333,1.11,1.5766666666666669,16792.86666666667,17391.833333333332,15815.133333333331,15722.933333333334,0.3104911669949342,-0.3150713798284554,-0.0526528668818508,0.0272751147825669,0.0590830827298636,0.0444797154522071,0.0429722791521449,0.0343564506138214
2021Q1,0.0162,6.233333333333333,1.3359016393442622,0.0499999999999999,18470.43333333333,0.0558326584316386,0.123366437698708,0.040608981519900667,0.018179999999999998,0.01691999999999991,0.02124,0.022949999999999998,6.766666666666667,8.799999999999999,13.0,3.8333333333333335,0.864516129032258,0.650625,0.6876190476190476,1.365,0.0933333333333333,0.1133333333333333,0.1433333333333333,1.11,16451.033333333333,16792.86666666667,17391.833333333332,15815.133333333331,0.0453406044171957,0.3104911669949342,-0.3150713798284554,-0.0526528668818508,0.0945453802421516,0.0590830827298636,0.0444797154522071,0.0429722791521449
2021Q2,0.013590000000000001,5.933333333333334,1.59078125,0.0266666666666666,17060.399999999998,0.0680756511651052,0.1691734026614428,0.07291965516849075,0.0162,0.018179999999999998,0.01691999999999991,0.02124,6.233333333333333,6.766666666666667,8.799999999999999,13.0,1.3359016393442622,0.864516129032258,0.650625,0.6876190476190476,0.0499999999999999,0.0933333333333333,0.1133333333333333,0.1433333333333333,18470.43333333333,16451.033333333333,16792.86666666667,17391.833333333332,0.0558326584316386,0.0453406044171957,0.3104911669949342,-0.3150713798284554,0.123366437698708,0.0945453802421516,0.0590830827298636,0.0444797154522071
2021Q3,0.01296,5.066666666666666,1.32484375,0.0466666666666666,16864.966666666664,0.0330021147870978,0.1981936823504739,0.06373975828243328,0.013590000000000001,0.0162,0.018179999999999998,0.01691999999999991,5.933333333333334,6.233333333333333,6.766666666666667,8.799999999999999,1.59078125,1.3359016393442622,0.864516129032258,0.650625,0.0266666666666666,0.0499999999999999,0.0933333333333333,0.1133333333333333,17060.399999999998,18470.43333333333,16451.033333333333,16792.86666666667,0.0680756511651052,0.0558326584316386,0.0453406044171957,0.3104911669949342,0.1691734026614428,0.123366437698708,0.0945453802421516,0.0590830827298636
2021Q4,0.01323,4.166666666666667,1.5333870967741934,0.0533333333333333,16676.899999999998,0.0686302065128838,0.1890850187545592,0.0871117388260565,0.01296,0.013590000000000001,0.0162,0.018179999999999998,5.066666666666666,5.933333333333334,6.233333333333333,6.766666666666667,1.32484375,1.59078125,1.3359016393442622,0.864516129032258,0.0466666666666666,0.0266666666666666,0.0499999999999999,0.0933333333333333,16864.966666666664,17060.399999999998,18470.43333333333,16451.033333333333,0.0330021147870978,0.0680756511651052,0.0558326584316386,0.0453406044171957,0.1981936823504739,0.1691734026614428,0.123366437698708,0.0945453802421516
2022Q1,0.014220000000000002,3.8666666666666663,1.9511290322580648,0.3066666666666667,16180.3,-0.0101919450853409,0.2003148350381109,0.08801957159631346,0.01323,0.01296,0.013590000000000001,0.0162,4.166666666666667,5.066666666666666,5.933333333333334,6.233333333333333,1.5333870967741934,1.32484375,1.59078125,1.3359016393442622,0.0533333333333333,0.0466666666666666,0.0266666666666666,0.0499999999999999,16676.899999999998,16864.966666666664,17060.399999999998,18470.43333333333,0.0686302065128838,0.0330021147870978,0.0680756511651052,0.0558326584316386,0.1890850187545592,0.1981936823504739,0.1691734026614428,0.123366437698708
2022Q2,0.015300000000000001,3.633333333333333,2.9325806451612904,1.0766666666666669,16097.133333333331,0.0062618800868659,0.1951910178046654,0.09406154317744964,0.014220000000000002,0.01323,0.01296,0.013590000000000001,3.8666666666666663,4.166666666666667,5.066666666666666,5.933333333333334,1.9511290322580648,1.5333870967741934,1.32484375,1.59078125,0.3066666666666667,0.0533333333333333,0.0466666666666666,0.0266666666666666,16180.3,16676.899999999998,16864.966666666664,17060.399999999998,-0.0101919450853409,0.0686302065128838,0.0330021147870978,0.0680756511651052,0.2003148350381109,0.1890850187545592,0.1981936823504739,0.1691734026614428
2022Q3,0.01701,3.533333333333333,3.10109375,2.6633333333333336,16353.833333333334,0.028875982181491,0.1305710107578137,0.0527790986904666,0.015300000000000001,0.014220000000000002,0.01323,0.01296,3.633333333333333,3.8666666666666663,4.166666666666667,5.066666666666666,2.9325806451612904,1.9511290322580648,1.5333870967741934,1.32484375,1.0766666666666669,0.3066666666666667,0.0533333333333333,0.0466666666666666,16097.133333333331,16180.3,16676.899999999998,16864.966666666664,0.0062618800868659,-0.0101919450853409,0.0686302065128838,0.0330021147870978,0.1951910178046654,0.2003148350381109,0.1890850187545592,0.1981936823504739
2022Q4,0.01898999999999991,3.5666666666666664,3.82672131147541,4.04,16519.066666666666,0.0276096155475835,0.0742153722784999,0.0418160136017125,0.01701,0.015300000000000001,0.014220000000000002,0.01323,3.533333333333333,3.633333333333333,3.8666666666666663,4.166666666666667,3.10109375,2.9325806451612904,1.9511290322580648,1.5333870967741934,2.6633333333333336,1.0766666666666669,0.3066666666666667,0.0533333333333333,16353.833333333334,16097.133333333331,16180.3,16676.899999999998,0.028875982181491,0.0062618800868659,-0.0101919450853409,0.0686302065128838,0.1305710107578137,0.1951910178046654,0.2003148350381109,0.1890850187545592
2023Q1,0.02088,3.533333333333333,3.646290322580645,4.626666666666667,17001.3,0.0289540358585878,0.0228378420612165,0.0360240055826937,0.01898999999999991,0.01701,0.015300000000000001,0.014220000000000002,3.5666666666666664,3.533333333333333,3.633333333333333,3.8666666666666663,3.82672131147541,3.10109375,2.9325806451612904,1.9511290322580648,4.04,2.6633333333333336,1.0766666666666669,0.3066666666666667,16519.066666666666,16353.833333333334,16097.133333333331,16180.3,0.0276096155475835,0.028875982181491,0.0062618800868659,-0.0101919450853409,0.0742153722784999,0.1305710107578137,0.1951910178046654,0.2003148350381109
2023Q2,0.02348999999999991,3.533333333333333,3.5957142857142856,5.073333333333333,17182.766666666666,0.0251148783488055,-0.0006267100778039,0.02877974883007539,0.02088,0.01898999999999991,0.01701,0.015300000000000001,3.533333333333333,3.5666666666666664,3.533333333333333,3.633333333333333,3.646290322580645,3.82672131147541,3.10109375,2.9325806451612904,4.626666666666667,4.04,2.6633333333333336,1.0766666666666669,17001.3,16519.066666666666,16353.833333333334,16097.133333333331,0.0289540358585878,0.0276096155475835,0.028875982181491,0.0062618800868659,0.0228378420612165,0.0742153722784999,0.1305710107578137,0.1951910178046654
2023Q3,0.02529,3.633333333333333,4.14968253968254,5.29,17269.366666666665,0.0461442415422261,0.0260470652307585,0.03416418276123778,0.02348999999999991,0.02088,0.01898999999999991,0.01701,3.533333333333333,3.533333333333333,3.5666666666666664,3.533333333333333,3.5957142857142856,3.646290322580645,3.82672131147541,3.10109375,5.073333333333333,4.626666666666667,4.04,2.6633333333333336,17182.766666666666,17001.3,16519.066666666666,16353.833333333334,0.0251148783488055,0.0289540358585878,0.0276096155475835,0.028875982181491,-0.0006267100778039,0.0228378420612165,0.0742153722784999,0.1305710107578137
2023Q4,0.02673,3.8,4.4470967741935485,5.283333333333333,17416.7,0.0337622858624904,0.0521647822513826,0.028837637954305606,0.02529,0.02348999999999991,0.02088,0.01898999999999991,3.633333333333333,3.533333333333333,3.533333333333333,3.5666666666666664,4.14968253968254,3.5957142857142856,3.646290322580645,3.82672131147541,5.29,5.073333333333333,4.626666666666667,4.04,17269.366666666665,17182.766666666666,17001.3,16519.066666666666,0.0461442415422261,0.0251148783488055,0.0289540358585878,0.0276096155475835,0.0260470652307585,-0.0006267100778039,0.0228378420612165,0.0742153722784999
2024Q1,0.02726999999999991,3.8333333333333335,4.15639344262295,5.233333333333333,17596.2,0.0083944537110278,0.0642021078552863,0.03644878513062633,0.02673,0.02529,0.02348999999999991,0.02088,3.8,3.633333333333333,3.533333333333333,3.533333333333333,4.4470967741935485,4.14968253968254,3.5957142857142856,3.646290322580645,5.283333333333333,5.29,5.073333333333333,4.626666666666667,17416.7,17269.366666666665,17182.766666666666,17001.3,0.0337622858624904,0.0461442415422261,0.0251148783488055,0.0289540358585878,0.0521647822513826,0.0260470652307585,-0.0006267100778039,0.0228378420612165
2024Q2,0.0279,3.9666666666666655,4.448730158730158,5.243333333333333,17701.0,0.035419451740978,0.0595835336275838,0.0267178272472961,0.02726999999999991,0.02673,0.02529,0.02348999999999991,3.8333333333333335,3.8,3.633333333333333,3.533333333333333,4.15639344262295,4.4470967741935485,4.14968253968254,3.5957142857142856,5.233333333333333,5.283333333333333,5.29,5.073333333333333,17596.2,17416.7,17269.366666666665,17182.766666666666,0.0083944537110278,0.0337622858624904,0.0461442415422261,0.0251148783488055,0.0642021078552863,0.0521647822513826,0.0260470652307585,-0.0006267100778039
2024Q3,0.02772,4.166666666666667,3.9546875,4.989999999999999,17755.333333333332,0.0329911208670701,0.0437986511967365,0.01329156915896057,0.0279,0.02726999999999991,0.02673,0.02529,3.9666666666666655,3.8333333333333335,3.8,3.633333333333333,4.448730158730158,4.15639344262295,4.4470967741935485,4.14968253968254,5.243333333333333,5.233333333333333,5.283333333333333,5.29,17701.0,17596.2,17416.7,17269.366666666665,0.035419451740978,0.0083944537110278,0.0337622858624904,0.0461442415422261,0.0595835336275838,0.0642021078552863,0.0521647822513826,0.0260470652307585
2024Q4,0.02673,4.133333333333333,4.275483870967742,4.4,17843.266666666666,0.0183949874289623,0.0376091609154505,0.03141040129971007,0.02772,0.0279,0.02726999999999991,0.02673,4.166666666666667,3.9666666666666655,3.8333333333333335,3.8,3.9546875,4.448730158730158,4.15639344262295,4.4470967741935485,4.989999999999999,5.243333333333333,5.233333333333333,5.283333333333333,17755.333333333332,17701.0,17596.2,17416.7,0.0329911208670701,0.035419451740978,0.0083944537110278,0.0337622858624904,0.0437986511967365,0.0595835336275838,0.0642021078552863,0.0521647822513826
2025Q1,0.02637,4.133333333333334,4.453606557377049,4.21,17943.13333333333,-0.0065006561792739,0.0384462009466395,0.03648067991699033,0.02673,0.02772,0.0279,0.02726999999999991,4.133333333333333,4.166666666666667,3.9666666666666655,3.8333333333333335,4.275483870967742,3.9546875,4.448730158730158,4.15639344262295,4.4,4.989999999999999,5.243333333333333,5.233333333333333,17843.266666666666,17755.333333333332,17701.0,17596.2,0.0183949874289623,0.0329911208670701,0.035419451740978,0.0083944537110278,0.0376091609154505,0.0437986511967365,0.0595835336275838,0.0642021078552863
2025Q2,0.02628,4.2,4.361774193548388,4.23,18025.3,0.0378399886870379,0.0237993603187272,0.016410256410256174,0.02637,0.02673,0.02772,0.0279,4.133333333333334,4.133333333333333,4.166666666666667,3.9666666666666655,4.453606557377049,4.275483870967742,3.9546875,4.448730158730158,4.21,4.4,4.989999999999999,5.243333333333333,17943.13333333333,17843.266666666666,17755.333333333332,17701.0,-0.0065006561792739,0.0183949874289623,0.0329911208670701,0.035419451740978,0.0384462009466395,0.0376091609154505,0.0437986511967365,0.0595835336275838
2025Q3,0.02583,4.333333333333333,4.26109375,4.096666666666667,18025.0,0.0430538485251927,0.0147797897447781,0.030541680478243016,0.02628,0.02637,0.02673,0.02772,4.2,4.133333333333334,4.133333333333333,4.166666666666667,4.361774193548388,4.453606557377049,4.275483870967742,3.9546875,4.23,4.21,4.4,4.989999999999999,18025.3,17943.13333333333,17843.266666666666,17755.333333333332,0.0378399886870379,-0.0065006561792739,0.0183949874289623,0.0329911208670701,0.0237993603187272,0.0384462009466395,0.0376091609154505,0.0437986511967365
